precio_lista,precio_venta,categoria,imagen
280,318,persona,img/0001_Casaca_sven_dama_xs.webp
285,320,persona,img/0002_Casaca_Scoyco_Black_M_L_XL.webp
325,360,persona,img/0003_Casaca_Wolf_Impermeable_L_XL.webp
171,230,persona,img/0004_Casaca_Kratoz_Hombre_Raider_Negro_CE.webp
43,70,persona,img/0005_Conjunto_Impermeable_L_XL_XXL.webp
99,120,persona,img/0020_Rodillera_Deportivo_D13_Negro.webp
52,70,persona,img/0021_Rodillera_Articulada_HXP03_Negro.webp
81,100,persona,img/0022_Rodillera_HXP108.webp
65,85,persona,img/0023_Rodillera_K15_Scoyco.webp
119,140,persona,img/0024_Rodillera_Codera_Xcudo_R39C39.webp
20,40,persona,img/0025_Rodillera_Codera_MT09.webp
269.90,305,persona,img/0030_Bota_LS2_Hombre_Garra_Negro_Rojo.webp
269.90,305,persona,img/0031_Bota_LS2_Hombre_Garra_Negro_Amarillo.webp
257.90,295,persona,img/0032_Bota_Para_Moto_Scoyco_MT015.webp
360,395,persona,img/0033_Bota_Scoyco_Impermeable_Punta_Metal.webp
164,195,persona,img/0034_Botin_con_Proteccion_Moto.webp
265,298,persona,img/0035_Botin_con_Proteccion_Moto_02.webp
349,390,persona,img/0036_Bota_Magnus.webp
11,20,persona,img/0040_Miton_Tactico_Verde_005.webp
22.50,33,persona,img/0041_Guante_Completo_Modelo_Tactico.webp
14.50,25,persona,img/0042_Guante_Universal_Unisex_L.webp
20,35,persona,img/0043_Guante_Largo_Batfox_Tactil.webp
75.50,105,persona,img/0044_Guante_Cuero_Icon_Modelo_Liso_1.webp
76.90,108,persona,img/0045_Guante_Cuero_Icon_Modelo_Pink_3.webp
70,95,persona,img/0046_Guante_Cuero_Liso_Motowolf.webp
55,85,persona,img/0047_Guante_Protecccion_Dedos_Nudillos_Tactil.webp
55,85,persona,img/0048_Guante_Impermeable_Scoyco_Caña_Larga.webp
46.50,62,persona,img/0049_Guante_Madmotor_Mas62_M.webp
25.50,38,persona,img/0050_Guante_City_Impermeable_Black_Madmotor.webp
79,103,persona,img/0051_Guante_Xkudo_Cuero_Mujer_Negro_Rosado_M.webp
47,65,persona,img/0052_Guante_M30_Morado_Masontex.webp
68,92,persona,img/0053_Guante_Suomy_Largo_Carbono_Impermeable.webp
35,49,persona,img/0054_Guante_Negro_SU09N.webp
23,40,persona,img/0055_Guante_SU33G.webp
133,160,persona,img/0056_Guante_Alpinestar.webp
5.20,13,persona,img/0060_Balaclava_Moto_Importado_Negro.webp
17.50,30,persona,img/0061_Balaclava_Larga_Cabello_Dama.webp
7.80,15,persona,img/0062_Balaclava_Nacional_Negro.webp
22.50,35,persona,img/0070_Soporte_Celular_Para_Pecho.webp
13,28,persona,img/0071_Arnes_Parar_Casco_incluye_Base_Soporte.webp
45,65,persona,img/0080_Muslera_Buba_Wizard.webp
40,60,persona,img/0081_Pechera_Con_Bolsillos.webp
140,170,persona,img/0090_Mochila_Aerodinamica_Negro_Rojo.webp
23,45,persona,img/0091_Cinturon_Moto_Niños.webp
967,1295,persona,img/0095_AGV_K1_MIR_2018.webp
1062.10,1362,persona,img/0096_AGV_K3_SV_Misano_2015.webp
1126.32,1420,persona,img/0097_AGV_K3_SV_Winter_Test_2016.webp
963.30,1290,persona,img/0098_AGV_K3_SV_Bubble_Blue_White_Yellow_Fluo.webp
864.50,1190,persona,img/0099_AGV_K1_Power_GunMetal_White_Green.webp

=========================================================================
10.30,21.30,moto,img/moto/0001_Malla_de_asiento.webp
12,50,moto,img/moto/0002_Control_Positron.webp
4.50,12.5,moto,img/moto/0009_Boton_Emergencia_base_de_acero.webp
11.90,22.9,moto,img/moto/0010_Interruptor_Switch_1_boton_plateado.webp
24.90,34.9,moto,img/moto/0011_Interruptor_Switch_2_botones_Exploradora.webp
19.90,31.9,moto,img/moto/0012_Boton_On_Off_Luz_Boton_Dual.webp
17.50,29.5,moto,img/moto/0013_Interruptor_Boton_Luz_Claxon.webp
19,35,moto,img/moto/0020_Base_Portacelular_Grueso_y_delgado.webp
79,105,moto,img/moto/0030_Cargador_Inalambrico_Solar_Lluvia_USB_Antivibracion.webp
45,68,moto,img/moto/0031_Soporte_Celular_Cargador_Tmon_Motowolf.webp
109,150,moto,img/moto/0032_Soporte_Celular_Cargador_inalambrico_motowolf.webp
67,95,moto,img/moto/0033_Porta_Celular_Motowolf_Sin_carga.webp
39,60,moto,img/moto/0034_Porta_Celular_W3463_Antivibracion.webp
22,37,moto,img/moto/0040_Cargador_Celular_MY7273.webp
21,36,moto,img/moto/0041_Cargador_Celular_USB_y_C_base_timon_espejo.webp
50,70,moto,img/moto/0050_Cadena_con_Alarma_20mm_x_2m.webp
29.90,50,moto,img/moto/0051_Candado_rigido_en_U_Hermex_2_Llaves.webp
21,36,moto,img/moto/0052_Seguro_para_manija_Negro_Rojo.webp
19.90,34.9,moto,img/moto/0053_Cadena_seguridad _con_clave_12mm_x_1'20m.webp
8.5,15.5,moto,img/moto/0054_Seguro_Moto_Cable_Armado_10mm_x_1'50m.webp
33.50,45.5,moto,img/moto/0055_Cadena_Seguridad_MT847223_20_x_1'50m.webp
45.5,62.5,moto,img/moto/0056_Cadena_Seguridad_MT847222_25_x_1'80m.webp
31,43,moto,img/moto/0057_Cadena_Seguridad_Azul_25_x_1'80m.webp
33.40,45.40,moto,img/moto/0060_Candado_con_alarma_liviano_negro.webp
38.90,50.90,moto,img/moto/0061_Braquet_con_alarma_con_soporte_MT8305F.webp
42.40,55.40,moto,img/moto/0062_Candado_con_alarma_pesado_negro.webp
40,53,moto,img/moto/0063_Candado_cromo_8303_pesado.webp
27.50,38.50,moto,img/moto/0064_Seguro_disco_Lock_CH.webp
43.90,55.90,moto,img/moto/0065_Kit_Seguro_disco_estuche_bateria_extra_cable_seguridad_KS8305.webp
34,58.90,moto,img/moto/0100_Cobertor_Moto_Gris_Talla_M_2MT__x_90_cm_x_120_cm_interior_afelpado.webp
36,60.90,moto,img/moto/0101_Cobertor_Moto_Gris_Talla_L_2'3MT__x_95_cm_x_125_cm_interior_afelpado.webp
37,61.90,moto,img/moto/0102_Cobertor_Moto_Gris_Talla_XL_2'45MT__x_105_cm_x_130_cm_interior_afelpado.webp
43,64.90,moto,img/moto/0103_Cubierta_Hq_moto_funda_Talla_XXL.webp
21.90,34.90,moto,img/moto/0104_Funda_para_moto_plata_XL.webp
115,140,moto,img/moto/0110_Tubo_de_escape_M4.webp
115,145,moto,img/moto/0111_Resonador_51mm_SC_Project.webp
130,160,moto,img/moto/0112_Silenciador_Akrapovic_Cromado.webp
130,159,moto,img/moto/0113_Silenciador_Akrapovic_Escama.webp
130,158,moto,img/moto/0114_Silenciador_Akrapovic_Negro.webp
99,129,moto,img/moto/0115_Resonador_Silver_340mm.webp
199,239,moto,img/moto/0116_Resonador_GP04_160mm_Negro.webp
145,170,moto,img/moto/0117_Tubo_escape_Cobra_40CM.webp
115,150,moto,img/moto/0118_Escape_TZ01.webp
116,152,moto,img/moto/0119_Silenciador_Tubo_escape_Q4.webp
119,155,moto,img/moto/0120_Tubo_escape_TOCE_3.webp
121,170,moto,img/moto/0121_Silenciador_escape_R3_plata_punta_carbono_doble_salida.webp
171,210,moto,img/moto/0122_Silenciador_escape_Slip_ON_Full_carbono_048.webp
171,210,moto,img/moto/0123_Silenciador_escape_Slip_ON_Silverado_047.webp
28,42,moto,img/moto/0124_Cinta_Protector_escape_crema_10_Metros.webp
115,165,moto,img/moto/0130_Linea_Escape_INOX_NS200.webp
85,110,moto,img/moto/0131_Acople_INOX_MT03_R3.webp
75,105,moto,img/moto/0132_Acople_INOX_KTM_390_250.webp
48.90,64.90,moto,img/moto/0140_Motoled_M4MAX_H4_ACDC_4500LM_NAO.webp
57.5,73.5,moto,img/moto/0141_Motoled_M5MAX_H4_ACDC_6500K_5500LM_45W.webp
130,160,moto,img/moto/0150_Luz_Led_Explorer_Dual_Cupula_Alfa.webp
165,199,moto,img/moto/0151_Faro_Explorador_WLX92_Super_Potente.webp
168,204.50,moto,img/moto/0152_Faro_Explorador_Lupas_Kit_Instalacion.webp
13.60,25,moto,img/moto/0160_Cargador_Bateria_GEL_Probador_Luces.webp
46.50,60,moto,img/moto/0161_Modulo_Luces_Estacionarias_Intermitente.webp
6.5,15,moto,img/moto/0162_Soporte_Universal_SN_Aluminio.webp
35,52,moto,img/moto/0163_Soporte_Exploradoras_NS200.webp
22.90,39,moto,img/moto/0164_Soporte_Aluminio_Neblineros_moto_ajustable.webp
14,27,moto,img/moto/0165_Abrazadera_Timon_Aluminio_Negro_tubular.webp
20,35,moto,img/moto/0166_Base_Placa_Plegada_Y3D.webp
10,20,moto,img/moto/0167_Marco_Placa_Metal_Tornasol.webp
159,199,moto,img/moto/0180_Maleta_Negro_Modelo_X_45LT_ABS.webp
174,220,moto,img/moto/0181_Maleta_Negro_Modelo_55L_ABS_Base_metal.webp
192,245,moto,img/moto/0182_Maleta_Negro_Modelo_X_61L_Base_metal.webp
300,390,moto,img/moto/0183_Maleta_Aluminio_Modelo_X_55L_Color_Negro_o_Plata_Base_metal_espaldar.webp
116,156,moto,img/moto/0190_Sensor_Presion_Llantas_M9.webp
81,105,moto,img/moto/0191_Inflador_Llanta_Portatil_Compresor_150PSI_MAX_STD.webp
11.50,23,50,moto,img/moto/0192_Herramienta_Multiple_Para_Motero.webp
12,25,moto,img/moto/0193_Kit_Herramientas_Para_Moto_4PCs.webp
9.80,23.80,moto,img/moto/0194_Sellador_Llanta_Instantaneo.webp
7,23,moto,img/moto/0195_Kit_Reparacion_Llanta_Basic_Kito.webp
10.50,25,moto,img/moto/0196_Sellador_String_Neumatico_Caja_25_UND.webp
120,180,moto,img/moto/0200_Soporte_Posterior_Para_Moto_Rojo.webp
160,195,moto,img/moto/0210_Slider_Universal_Moderno_Doble_Tope.webp
185,215,moto,img/moto/0211_Slider_Universal_Moderno_Doble_Tope_con_Acero.webp











